<?xml version="1.0" encoding="UTF-8"?>
<beans xmlns="http://www.springframework.org/schema/beans"
	xmlns:xsi="http://www.w3.org/2001/XMLSchema-instance" xmlns:jdbc="http://www.springframework.org/schema/jdbc"
	xsi:schemaLocation="http://www.springframework.org/schema/jdbc http://www.springframework.org/schema/jdbc/spring-jdbc-3.1.xsd
		http://www.springframework.org/schema/beans http://www.springframework.org/schema/beans/spring-beans.xsd">

	<jdbc:embedded-database id="dataSource" type="HSQL">
		<jdbc:script location="classpath:BoardSchema.sql" />
		<jdbc:script location="classpath:BoardData.sql" />
	</jdbc:embedded-database>

	<bean id="sqlSessionFactory" class="org.mybatis.spring.SqlSessionFactoryBean">
		<property name="dataSource" ref="dataSource" />
		<property name="configLocation" value="classpath:sqlmap/config/mybatis-config.xml" />
		<property name="mapperLocations">
			<list>
				<value>classpath:sqlmap/sqlmap-board.xml</value>
			</list>
		</property>
	</bean>

	<bean id="sqlSessionTemplate" class="org.mybatis.spring.SqlSessionTemplate" destroy-method="clearCache">
		<constructor-arg ref="sqlSessionFactory" />
	</bean>
</beans>
