<?xml version="1.0" encoding="UTF-8"?>
<!DOCTYPE configuration PUBLIC "-//mybatis.org//DTD Config 3.0//EN" "http://mybatis.org/dtd/mybatis-3-config.dtd">

<configuration>
	<!-- 마이바티스의 작동 규칙정의 -->
	<settings>
	  <setting name="cacheEnabled" value="false"/>
	  <setting name="useGeneratedKeys" value="false"/>
	  <setting name="mapUnderscoreToCamelCase" value="true"/>
	</settings>

	<typeAliases>
		<typeAlias alias="boardVO" type="com.heaven.mvc.board.domain.BoardVO" />
	</typeAliases>
</configuration>